company,postContent,postUrl
HyPrSpace,"ROMY HyPrspace + Follow ER 17,237 followers smo @  4 WARNING: put on your sunglasses !! Our filters couldn't handle everything Terminator had to say. @  Second test campaign starts pretty well for our scaled stage demonstrator, and for this we have to thank the teams who have worked soooo many hours lately.  In just a few months : 5 successful fire tests in 2 separate campaigns, and 2 successful PDR's. That's what we call efficiency, Bravo HyPrTeam you're the best! @  Also, thank you to the SpaceDreamS team for providing their LOXbox system, the ""gaz station” of tomorrow's rocket, a high-pressure, high-flow supply of liquid oxygen for ‘our engine.  And last but not least: a huge thank you to DGA - Direction générale de larmement #DGAEssaisdemissiles Gironde site, for welcoming us again on their test bench, and supporting us for this second campaign.  Stay tuned, another one (with better filters) is coming soon! @  #Innovation #Newspace #Engineering",https://www.linkedin.com/posts/hypr-space_dgaessaisdemissiles-innovation-newspace-activity-7274429074331062273-Gp8H?utm_source=share&utm_medium=member_desktop&rcm=ACoAAFszMIoBPo6W4ZcByLQJfMIqPrftEWnjAbU
HyPrSpace,"Ed tye rspace  Karen Garchon - 3ré+ DRH HyPrSpace | #SpaceforPeople | IHEDN  eposted this  + Follow  20h + Edited  @  Merci a la DGA - Direction générale de I'armement pour cette belle coopération et, votre expertise, parfaite illustration des apports de la dualité au #NewSpace et #NewDefense en termes d’innovation.  Et au-dela de la technique et de la maturité d'une nouvelle technologie, ce sont aussi des compétences clés que I'équipe d’HyPrSpace continue de développer en un temps record, notamment le pilotage d'opérations au sol et les essais d’un étage propulsif complet a échelle 1, prémices de notre notre premier vol suborbital! 3”  #DGAEssaisMissiles #Newspace #Newsdefense  Show translation  DGA - Direction générale de I'armement DEA 265,600 followers ide ® #NewSpace x° | Dualité civile et militaire au centre d'expertise et d'essais #DGAEssaisdemissiles ..more  + Follow  Show translation    [CONTINUED_FROM_SCROLL]  Show translation  +7 DGA- Direction générale de I'armement DEA 265,600 followers ide ® #NewSpace x° | Dualité civile et militaire au centre d'expertise et d'essais #DGAEssaisdemissiles  + Follow  Pour le dernier essai du démonstrateur de moteur Terminator, contribuant a la feuille de route moteur du futur lanceur d'HyPrSpace, les équipes de la DGA ont déployé 6 capteurs ultrasonores, une technologie historiquement utilisée sur des moteurs de missiles appliquée pour la 1ére fois a la propulsion hybride civile  © Objectif : mesurer en temps réel 'évolution de I’épaisseur des blocs de carburant solide pendant la combustion — une donnée majeure pour le développement des moteurs a propulsion hybride  Gl Ces capteurs n’avaient jamais été utilisés dans ce contexte, Une technologie duale, a la croisée des mondes civil et militaire qui ouvre des perspectives,  nouvelles pour toute la filigre du #NewSpace  Cette expérimentation renforce le réle de la DGA en tant que partenaire avec les acteurs émergents du NewSpace comme HyPrSpace,  #NotreExpertise - Mi  tare de la Défense  Show translation",https://www.linkedin.com/posts/ugcPost-7333183017902891008-DO81?utm_source=share&utm_medium=member_desktop&rcm=ACoAAFszMIoBPo6W4ZcByLQJfMIqPrftEWnjAbU
HyPrSpace,"Like “y Somment J Repost “7 send  WHY HyPrspace + Follow 1d-®  HyPrSpace, chapter VI.  On the 23 of may 2019, six years ago, Alexandre Mangeot, Sylvain Bataillard and Vincent Rocher created HyPrSpace.  Like every birthday, we like to dig out old pictures. They proved to be very relevant on how we became what we are now... This serie is from a fire test demonstration from 2018 to the Lisoir brothers of our very first engine: Lily.  At that time, HyPrSpace wasn't even officially created, it was a ""nights & week-ends"" project, apart from the profesional lives of our co-founders,  Fun fact: for that fire test, we lighted the engine with a long flaming twig... Not sure  this ignition system can be applied to our rocket! Who's willing to try ? @  From 3 employees that couldn't pay themselves, we're now more than 90 people, all remunerated!! And we're so happy to have kept that same energy, passion and fun vibes you can see in these pictures.  Thank you all for making this adventure so thrilling!",https://www.linkedin.com/posts/hypr-space_hyprspace-chapter-vi-on-the-23-of-activity-7333068277608267776-_Csl?utm_source=share&utm_medium=member_desktop&rcm=ACoAAFszMIoBPo6W4ZcByLQJfMIqPrftEWnjAbU
HyPrSpace,"Eid orspace epost i  54 DGA - Direction générale de I'armement  600 followers BSA 1S  x | Dualité civile et militaire au centre d'expertise et d'essais  Show translation  CeO 711 12 comments - 43 reposts ® Like © Comment 1% Repost 7 Send WAY HyPrspace BRGY 17,237 followers sw ®  e It's not everyday that you get to have the signatures of a delegation of the on your 6 meters long hybrid rocket stage.  Last week, its president came to visit us with head of space   [CONTINUED_FROM_SCROLL]  id sree epost hi  DGA - Direction générale de l'armement 265,600 followers ide ® x | Dualité civile et militaire au centre d'expertise et d'essais  DGA  @ Pour le dernier essai du démonstrateur de moteur Terminator, contribuant a la feuille de route moteur du futur lanceur d' , les équipes de la DGA ont déployé 6 capteurs ultrasonores, une technologie historiquement utilisée sur des moteurs de missiles appliquée pour la 1ére fois & la propulsion hybride civile  Objectif : mesurer en temps réel I'évolution de I'épaisseur des blocs de carburant solide pendant la combustion — une donnée majeure pour le développement des moteurs 8 propulsion hybride  Ces capteurs n’avaient jamais été utilisés dans ce contexte. Une technologie duale, a la croisée des mondes civil et militaire qui ouvre des perspectives nouvelles pour toute la filigre du  Cette expérimentation renforce le réle de la DGA en tant que partenaire avec les acteurs émergents du NewSpace comme HyPrSpace,  Show translation",https://www.linkedin.com/posts/direction-generale-de-larmement_newspace-dgaessaisdemissiles-newspace-ugcPost-7333088958362398720-f0tf?utm_source=share&utm_medium=member_desktop&rcm=ACoAAFszMIoBPo6W4ZcByLQJfMIqPrftEWnjAbU
HyPrSpace,"WAY HyPrspace + Follow BEES 17.237 followers 4e®  s  It's not everyday that you get to have the signatures of a delegation of the Centre National d'Etudes Spatiales on your 6 meters long hybrid rocket stage.  Last week, its president Lionel Suchet came to visit us with head of space transportation Carine Leveau and deputy director of futur & innovation for space transportation bruno vi  It wasn't just a mere newspace startup visit, more like a plunge into a different vision of space : much simpler, robust and sustainable. It may feel unconventional at first. Yet through the passion driving our team, and the achievements we made so far, it becomes the obvious technical and economical choice.  It was a pleasure introducing our universe to them personaly!  #innov:  n #NewSpace #OrbitalBaguette",https://www.linkedin.com/posts/hypr-space_innovation-newspace-orbitalbaguette-activity-7322919621601247232-uAlN?utm_source=share&utm_medium=member_desktop&rcm=ACoAAFszMIoBPo6W4ZcByLQJfMIqPrftEWnjAbU
HyPrSpace,"O Like © Comment {3 Repost | Send  HyPrSpace + Follow 17237 followers  Iw Edited - © Out now - a little bit of polish on the packaging. 4’  HyPrSpace is constantly evolving, Welcoming newcomers every week. BB Implementing new processes. i >  Improving work infrastructures. J Innovating at every step of the making of Baguette.  ‘And so does the brand!  Today, a new website is out with slight modifications on our visual identity... And brand new 3D animations of our engine and rocket! 6  & https://hypr-space.com/  We're aware that lots of you had been waiting eagerly for this... And we hope that you will find the result worth the wait! Well, as for us, we're fond of it. ©",https://www.linkedin.com/posts/hypr-space_out-now-a-little-bit-of-polish-on-the-packaging-activity-7330576650469830657-lLEt?utm_source=share&utm_medium=member_desktop&rcm=ACoAAFszMIoBPo6W4ZcByLQJfMIqPrftEWnjAbU
HyPrSpace,"O Like © Comment {3 Repost | Send  HyPrSpace  17.237 followers  imo+@ & Alors que se tient a Paris, le Comité interministériel de innovation #C2i, nous sommes fiers de faire partie de l'aventure 2030 pour rapprocher le futur et  contribuer & l'excellence francaise dans l'innovation et l'industrie spatiale.  Merci a I'Etat de son soutien avec pour notre projet de micro lanceur PADAL, notre innovation majeure léve une barriére technologique de plus de 50 ans et offre une solution de propulsion simple, robuste, performante et scalable qui ouvre la voie vers un accés a l'espace véritablement pérenne.  x Depuis la , Nous agissons pour un avenir spatial francais souverain !  Show translation  de faire partie neure France 2080,  |  CEO 240 2 comments - 6 reposts",https://www.linkedin.com/posts/hypr-space_c2i-france-france2030-activity-7316128283417362433-iEQh?utm_source=share&utm_medium=member_desktop&rcm=ACoAAFszMIoBPo6W4ZcByLQJfMIqPrftEWnjAbU
HyPrSpace,"® Like © Comment 1% Repost 7 Send  WHY HyPrspace + Follow 3mo+ @  2 shows a day keeps the doctors away! #  Earlier this week, our co-founder Sylvain Bataillard was attending the Paris Space Week for a roundtable on the theme of the transformative contribution of start-ups to  the needs of the armed forces.  This exchange highlighted the growing importance of innovation-driven companies in the defense sector. At HyPrSpace, we're committed to contributing to the technological advancements shaping the future of security and strategic autonomy.  The same day in Toulouse, the communication team was attending the #Journéedelinnovation organized by the Centre National d'Etudes Spatiales. This edition focused on research and technology activities, on the theme of ""Space, innovation, exploration”.  Thank you to the organizers of each show! © #Newspace #Innovation #Defense",https://www.linkedin.com/posts/hypr-space_journaezedelinnovation-newspace-innovation-activity-7293271370111582208-CZeY?utm_source=share&utm_medium=member_desktop&rcm=ACoAAFszMIoBPo6W4ZcByLQJfMIqPrftEWnjAbU
HyPrSpace,"HyPrSpace + Follow ESS 17,237 followers Amo ©  carr  We were thrilled to be invited for our very first conference at ISAE-SUPAERO, sharing our passion for hybrid rocket propulsion with students! ?  The subject we brought to them was :  Hybrid space propulsion and its applications”.  Even though it isn’t really a new technology, our patented architecure and innovative engine seemed to have piqued their curiosity, as we had a full amphitheatre and a long moment of exchange at the end...  The exciting part was that for a few of us, it was a return to university, but this time as  speakers. An experience they clearly enjoyed just as much as the students in the audience! &  Trés heureux d'avoir tenu notre toute premiare conférence a 'ISAE-SUPAERO, occasion de partager notre passion pour la propulsion hybride avec les étudiants !  9  Le sujet de cette conférence était : « La propulsion spatiale hybride et ses applications  Mame sii  ne s'agit pas vraiment d'une nouvelle technologie, notre architecture brevetée et notre moteur innovant semblent avoir piqué leur curiosité, puisque nous avons eu un amphithéatre plein et un long moment d'échange pour conclure !  Pour certains d'entre nous, c’était un retour & 'université, mais cette fois-ci en tant qu'intervenants. Une expérience quils ont manifestement appréciée tout autant que les étudiants présents dans le public! ©  #Engineers #Innovation #Teaching  Show translation  a cs",https://www.linkedin.com/posts/hypr-space_engineers-innovation-teaching-activity-7287785013591314433-_9ly?utm_source=share&utm_medium=member_desktop&rcm=ACoAAFszMIoBPo6W4ZcByLQJfMIqPrftEWnjAbU
HyPrSpace,"CC@ 249 7 comments - 8 reposts  ® Like © Comment 1% Repost 7 Send  Eid orspace epost i  Karen Garchon 3+ + Follow DRH HyPrSpace | #SpaceforPeople | IHEDN 3mo + Edited» ©  Looking for talent! Great challenge as Head of HR: search and find our future Head of Propulsion, the latest addition to our incredible team to support HyPrSpace ‘s growth and the first flights of Baguette One and OB-1 ""| My network, | am counting on you to spread the word within the space community 1  #PoweredByPassion #Hiring #SpaceForPeople  Head of Propulsion Department  FENG Job by HyPrSpace Le Haillan, Nouvelle-Aquitaine, France (On-site)  €20 105 2 comments - 21 reposts  ® Like © Comment & Repost Send",https://www.linkedin.com/posts/activity-7299741362831216640-l9uE?utm_source=share&utm_medium=member_desktop&rcm=ACoAAFszMIoBPo6W4ZcByLQJfMIqPrftEWnjAbU
HyPrSpace,"+ Follow  Hyer sence  Hey LinkedIn, what's up since last year? €  an  Wishing you all a very happy 2025! May this year be filled with experiments and learning. Try, fail, try again - until it works... or doesn't! After all, taking the shot is what truly counts. ¢  January may already be in full swing, but it’s never too late for a year-end recap. 2024 was an eventful year at HyPrSpace - we took on many challenges, and, to our delight, had a lot of successes along the way. We've captured for you some of the main key numbers and milestones.  None of this would have been possible without the crazy - growing - team behind all these successes. You rock space bakers, our world-class team.  Now let's face 2025. We still have a lot to accomplish; amongst many others the Critical Design Review of Baguette One, the launch of our Serie A and the static fire test campaign of our flight engine Toaster... The countdown to first flight is ticking for the first ""turbopumpless” hybrid rocket!  ‘We never say it enough so thank you to everyone by our side on this challenging adventure: partners, supports, followers... And again: we wish you a very happy new  year!  Carousel 2024 - 4 pags  ENGINE  x2    [CONTINUED_FROM_SCROLL]  Carousel 2024 « 4 pages  ENGINE  x2  Test campaigns for  successfully concluded, resulting in a combustion efficiency record for a 100kN class hybrid engine!  and, to our delight, of the main key  am behind all  ry.   [CONTINUED_FROM_SCROLL]  numbers and milestones. ©  None of this would have been possible without the crazy - growing - team behind all these successes. You rock space bakers, our world-class team. BB  Now let's face 2025. We still have a lot to accomplish; amongst many others the Critical Design Review of Baguette One, the launch of our Serie A and the static fire test ‘campaign of our flight engine Toaster... The countdown to first flight is ticking for the first “turbopumpless” hybrid rocket!  ‘We never say it enough so thank you to everyone by our side on this challenging adventure: partners, supports, followers... And again: we wish you a very happy new year! @  PROJECTS  x2a  major contracts won.  PADAI  France 2030 Call for Projects won by the consortium formed in partnership with CT Engineering and Telespazio France for the development of the OB-1 hybrid micro-launcher (in collaboration with SpaceDreams),  R2D2  First commercial contract signed with the National Center for Space Studies (CNES) with the specific mission of carrying and transporting 235 kg payloads to Low Earth Orbit (LEO).    [CONTINUED_FROM_SCROLL]  numbers and milestones. >  None of this would have been possible without the crazy - growing - team behind all these successes. You rock space bakers, our world-class team. BB  Now let's face 2025. We still have a lot to accomplish; amongst many others the Critical Design Review of Baguette One, the launch of our Serie A and the static fire test campaign of our flight engine Toaster... The countdown to first flight is ticking for the first ""turbopumpless” hybrid rocket!  ‘We never say it enough so thank you to everyone by our side on this challenging adventure: partners, supports, followers... And again: we wish you a very happy new  year! @  TEAMS  099  (<} hires in just under a year, allowing us to grow from 26 to 64 employees.  8    [CONTINUED_FROM_SCROLL]  numbers and milestones.  None of this would have been possible without the crazy - growing - team behind all these successes. You rock space bakers, our world-class team.  Now let's face 2025. We still have a lot to accomplish; amongst many others the Critical Design Review of Baguette One, the launch of our Serie A and the static fire test campaign of our flight engine Toaster... The countdown to first flight is ticking for the first ""turbopumpless” hybrid rocket!  ‘We never say it enough so thank you to everyone by our side on this challenging adventure: partners, supports, followers... And again: we wish you a very happy new  year!  EVENTS  St  participations in conferences, trade shows and symposiums.  Space Symposium Colorado IAC Milan & Sidney  Space Tech Expo Eurosatory  Euronaval  New Space Africa  Paris Space Week Conférence SUPAERO",https://www.linkedin.com/posts/hypr-space_carousel-2024-activity-7285254911863234560-95ts?utm_source=share&utm_medium=member_desktop&rcm=ACoAAFszMIoBPo6W4ZcByLQJfMIqPrftEWnjAbU
HyPrSpace,"NeW Space AITICa  Paris Space Week Conférence SUPAERO GO 194 10 comments - 9 reposts Like © Comment Repost 4] Send EBB) tip rspace reposted this sylvain Bataillard - 3rc+ + Follow Forbes 30 under 30 | Chief Strategy Officer @HyPrSpace 3mo+®  Nous avons eu la chance avec Alexandre de participer a I'excellente émission Underscore_afin de parler de Space X. HyPrSpace, de l'industrie spatiale et de ses nouvelles logiques de développement (surtout des flammes @ ).  Un grand bravo également & Julie Bohning, CEO de PAVE Space SA, qui présente aussi les magnifiques réussites de Gruyére Space Program !  Merci a toutes les personnes qui ont participé a la réalisation de cet épisode,  plaisir! sf  Show translation  Le secret le ¥ youtube.com CO 108 11. comments - 3 reposts Like © Comment Repost J Send  HyPrSpace + Follow",https://www.linkedin.com/posts/sylvain-bataillard-aerospace_le-secret-le-mieux-gard%C3%A9-de-spacex-activity-7292122319022374912-505G?utm_source=share&utm_medium=member_desktop&rcm=ACoAAFszMIoBPo6W4ZcByLQJfMIqPrftEWnjAbU
HyPrSpace,"WY HyPrspace + Follow FEMGES 17,237 followers 6mo + Edited» ©  POV: you're an engineer at HyPrSpace.  Here, you don't stay behind your desk working on a project that you will probably not see at all. You actually get to take a comfy nap inside the engine you just designed.  As Terminator is being reassembled to conduct a second hotfire test campaign, our avionic and test engineers are (hard)working to install the 80+ sensors. They are used. collect a lot of data like temperature, pressure or even vibrations. All these precious informations are then exploited by our propulsion specialists to mesure the performances and compare it to the CFD models they created,  PS; they are not actually sleeping, last pic is fake. To be honest. it feels a bit like a space mission when you're inside it's belly. Who could fall asleep in such conditions? ©  #GoBaguetteOne #Innovation #Space",https://www.linkedin.com/posts/hypr-space_gobaguetteone-innovation-space-activity-7257413567778279424-V3Wq?utm_source=share&utm_medium=member_desktop&rcm=ACoAAFszMIoBPo6W4ZcByLQJfMIqPrftEWnjAbU
HyPrSpace,"HyPrSpace + Follow 17237  7mo+@ Flashback on #NextSpace2024! @  A few days ago, we attended a symposium organised by the amazing Way4Space. Next Space 2024 was about going back to the moon, a subject that can't be  approached without talking about launchers.  And that we know... One day maybe, our patented hybrid propulsion system will fly a payload to the moon! But before that, we need to prove the world that we can make it fly to orbit.  Terminator, the big engine you see below, was a huge step towards this goal. And it  *  successfully breathed fire this summé  Our engineers were really proud to present it to our guests during the “startup tour” organised within the Next Space event.  And from the faces that came out of this visit, we're pretty sure to have convinced this lot already... Sylvain, Tiphaine, Arnaud, Loic, you guys nailed it, Just a few billions left  now!",https://www.linkedin.com/posts/hypr-space_nextspace2024-activity-7252321304203198464-M2pt?utm_source=share&utm_medium=member_desktop&rcm=ACoAAFszMIoBPo6W4ZcByLQJfMIqPrftEWnjAbU
HyPrSpace,"10 comments - 7 reposts  ® Like © Comment 1% Repost J Send  MY HyPrspace + Follow Be 17.237  The longest 40 seconds of your day.  The first fire test of the second campaign of our stage demonstrator Terminator went quite well, as you can almost see in this video! ©  Don't worry, you'll eventually get to see the flames.  Have a nice week-end!  CO 386 22 comments « 15 reposts  Like © Comment Repost J Send",https://www.linkedin.com/posts/hypr-space_the-longest-40-seconds-of-your-day-the-activity-7273287952422567937-_mS_?utm_source=share&utm_medium=member_desktop&rcm=ACoAAFszMIoBPo6W4ZcByLQJfMIqPrftEWnjAbU
HyPrSpace,"HyPrSpace + Follow 17237  Smo+®  Félicitations a toute les équipes pour cette double réussite !  Une étape cruciale qui démontre la solidité de notre projet de microlanceur et excellence de notre consortium. La propulsion hybride made in France avance a grands pas !  #NewSpace #Innovation #PADA1 #GoBaguetteOne  Show translation  > Loic Le Dissés - 21+ + Follow Project Manager  Smo+®  “e Pas une, mais deux PDR passées avec succés ! *  x° C'est une étape clé franchie pour nos systémes de lancements - incluant nos, lanceurs Baguette One (suborbital), Orbital Baguette One et les installations sols !  Je suis ravi de vous partager cette excellente nouvelle : en un peu moins de deux mois, nous avons passé avec succas les deux revues de définition préliminaire (PDR) de nos projets #PADA1 et #R2D2, nous ouvrant la voie vers la phase critique de définition. Un grand pas dans cette course effrénée vers les étoiles !  J'aimerai dire un immense merci a toutes les personnes qui ont contribué a ce succes  Les équipes d'HyPrSpace, pour le travail colossal réalisé en un temps record, et plus particuligrement :  Léquipe structure  Léquipe propulsion  Léquipe avionique et GNC  Léquipe essais  Léquipe systéme  Léquipe opération  © Merci également 4 THE CT ENGINEERING GROUP, TELESPAZIO  CDANICE at CearaMraamn€ mit) aceélarant notre dévalannamant arace a leur",https://www.linkedin.com/posts/hypr-space_pada1-r2d2-gobaguetteone-activity-7273010663432601600-lJAT?utm_source=share&utm_medium=member_desktop&rcm=ACoAAFszMIoBPo6W4ZcByLQJfMIqPrftEWnjAbU
HyPrSpace,"Like © Comment Repost 4] Send  HyPrSpace + Follow 17.237 followers Timo + Edited + ©  [HPS x CMP]  Yesterday, we signed a new partnership with CMP Composites for the production of Baguette One and OB1's parts, in the context of France 2030 program!  Their expertise in composite will allow us to fully optimise our vehicle performances.  Fun fact: first time we met with CMP a few years ago, both companies counted 3 members... now things have changed quite a lot!! @  ‘#France2030 Région Nouvelle-Aquitaine  0 266 3 comments - 6 reposts  Like © Comment Repost J Send  Eid orspace epost is  Alexandre Mangeot - 3: + Follow Cofounder, CEO, CTO at HyPrSpace amo-®  Merci a La Tribune pour leur invitation au Space Forum 2024 ce mardi, ou j'ai pu",https://www.linkedin.com/posts/hypr-space_france2030-activity-7211258059296296961-6914?utm_source=share&utm_medium=member_desktop&rcm=ACoAAFszMIoBPo6W4ZcByLQJfMIqPrftEWnjAbU
HyPrSpace,"ag YP Pace reposted this  Alexandre Mangeot - 3:<+ + Follow  Cofounder, CEO, CTO at HyPrSpace amo-®  Merci a La Tribune pour leur invitation au Space Forum 2024 ce mardi, oi j'ai pu  débattre avec Stanislas Maximin de Latitude et Antoine Fourcade de Sirius Space Services.  La table ronde, disponible en replay sur YouTube (lien en commentaire), portait sur le sujet : ""Mini lanceurs, maxi ambitions : qui va gagner la bataille des lanceurs ?”  Au-dela d’étre un sujet 4 débats passionnants - ceux qui me suivent savent sGrement ‘déja mon amour pour la question - c'est surtout un enjeu majeur pour la France et Europe.  Dans cette course effrénée vers I'Espace, la quasi-totalité des concurrents se battent 8 armes égales en utilisant une technologie certes maitrisée, mais fortement cofteuse & développer et produire, 8 tel point qu’aucun n’a réussi a en faire un business rentable & ce jour.  Chez HyPrSpace, nous sommes partis de ce constat et avons décidé d'emprunter une autre voie : la propulsion hybride. Depuis plus de 50 ans elle souffre de verrous technologiques, pourtant cette technologie offre un potentiel incroyable de réduction des cotits, d'amélioration de l'empreinte environnementale et de la versatilité d'usage. Avec notre innovation brevetée, la propulsion hybride est aujourd'hui a portée de main s nous avons cet été réalisé 3 essais de notre moteur pleine échelle en configuration étage qui nous ont permis de valider nos modéles de performance !  Show translation",https://www.linkedin.com/posts/alexandre-mangeot_merci-%C3%A0-la-tribune-pour-leur-invitation-au-activity-7240276024125530112-ocYe?utm_source=share&utm_medium=member_desktop&rcm=ACoAAFszMIoBPo6W4ZcByLQJfMIqPrftEWnjAbU
HyPrSpace,"Like © Comment Repost J Send  HyPrSpace  eR ke  If you are still not in holidays, here are some news about our full-scale engine in stage configuration to cheer you up!  In 2 weeks at we were able to conduct 3 tests, and to validate:  © The performance models of our innovative engine configuration © Re-ignition capabilities (as you can see, it re-ignites quite well) @ Thrust modulation capabilities  Pretty mach diamonds  With Terminator, we are breaking through the technological barrier of hybrid propulsion bringing it from the dark side to the light side  17 comments - 43 reposts  Like © Comment Repost J Send",https://www.linkedin.com/posts/hypr-space_newspace-propulsion-innovation-activity-7223985527677493248-Pp0b?utm_source=share&utm_medium=member_desktop&rcm=ACoAAFszMIoBPo6W4ZcByLQJfMIqPrftEWnjAbU
HyPrSpace,"Like © Comment Repost J Send  WY HyPrspace + Follow EES 17,237 followers 10mo + Edited + ©  3, 2, 1... Ignition sequence time. Or as Clément said it with a sexy, but shaky voice: “Allumage moteur’.  Last Thursday we fired Terminator, our stage demonstrator for the very first time, but it is - much more - than just an ignition, it's a first in the world!  This test validates HyPrSpace patented hybrid technology at full scale for space applications, The combustion and fluids performance model, the capacity to operate at a full stage scale experimentally confirming the reliability and scalability of our technology. This is a major technological demonstration for the development of  our #0B1 launcher, and opens new perspectives for space and defense applications, due to the simplicity and economical advantage of our engine.  The rest of the testing campaign will allow a full exploration of the operating range of the technology. Which means more flames to come soon!  aA To every single person that trusted us, supported us, followed us on LinkedIn since the earliest days: thank you for being behind us, you're a real source of motivation.  Also, a huge thank you to DGA - Direction générale de I'armement, and more particularly to the #DGAEssaisdemissiles Gironde site and Agence de l'innovation de défense, their team is awesome to work with, compliant and comprehensive, Also, many thanks to our partner SpaceDreams for their expertise and support !  To. Every. Single. Member of the exceptional team that made this a reality: hands down. You've all done an incredible work. You guys are talented geniuses, beautiful smiling souls, as can testify this video. Much much love to you all. @  #godspeed",https://www.linkedin.com/posts/hypr-space_terminator-first-test-at-dga-activity-7218921783507247105-OBWO?utm_source=share&utm_medium=member_desktop&rcm=ACoAAFszMIoBPo6W4ZcByLQJfMIqPrftEWnjAbU
HyPrSpace,"BOM HyPrspace + Follow ESS 7237  ited ©  So proud of you Clément Arrat! @ &  Our (now former) Test Director temporarily left the HyPrSpace adventure for 1 year to fulfill a childhood dream that is fairly close to space in some ways: becoming an Antartica adventurer at the Franco-Italian base camp “Concordia’.  There, he will be a glaciochemist, collecting and analyzing snow samples and atmospheric sensors in extreme conditions (it can go down to minus 80 degrees celcius!). What a thrilling journey... All the team wishes you the best for this extraodinary experience!  Come back to us with the eyes full of stars, we can't wait to hear your freezing tale! ®  Glaciochimiste DC21 Sta Tmo + Edited  a Clément Arrat - 3rd+ + Follow  4 Nouvelle aventure en vue !  Je suis ravi de pouvoir enfin vous annoncer une nouvelle qui me tient particuliérement 4 coeur : 8 la fin du mois d'octobre, je m’envole pour la station Franco-Italienne Concordia, en Antarctique, pour un séjour d'un peu plus d'un an en tant que glaciochimiste.  Ce projet représente I'accomplissement d'un réve que j'ai depuis plusieurs années. Sur place, je serais chargé de mener des programmes qui comprendront notamment : prélévements de neige, relevé de capteurs atmosphériques et analyses d’échantillons. S Un grand merci a Institut polaire francais Paul-Emile Victor, IGE, Laboratoire des Sciences du Climat et de l'Environnement et au Laboratoire de météorologie dynamique pour leur confiance. Je suis impatient de commencer ce travail et de pouvoir apporter ma contribution & ces programmes de recherche  Je partagerai réguligrement mon expérience, donc n’hésitez pas & me suivre sur Instagram @clem_antarctique pour en savoir plus sur la vie et les sciences dans cet endroit un peu particulier. 3°  ea ESA  Show translation",https://www.linkedin.com/posts/hypr-space_nouvelle-aventure-en-vue-je-suis-ravi-activity-7246465654470397953-a4P9?utm_source=share&utm_medium=member_desktop&rcm=ACoAAFszMIoBPo6W4ZcByLQJfMIqPrftEWnjAbU
HyPrSpace,"HyPrSpace + Follow 17.237 followers  2mo+®  Winning an engineering award... with a Baguette?  We're proud to share that HyPrSpace just won the Grand Prix Arts et Métiers des Industries Responsables, attributed by the FONDATION ARTS ET  METIERS with Bpifrance. This award recognizes our startup for its technical excellence, innovation, and contribution to reindustrializing the country.  Our story started a few years ago: after completing his PhD on hybrid propulsion (we'll keep it simple), our founder Alexandre Mangeot launched HyPrSpace in 2019,  Fast forward 6 years:  70+ employees  100+ ME secured in contracts & funding  2 full-scale test campaigns on a 10-ton engine  And here we are, named the best startup founded by a Gadz’Arts graduate (short for being an engineer from the Arts & Métiers)  Thank you! @  #NewSpace #Innovation #GadzArts",https://www.linkedin.com/posts/hypr-space_newspace-innovation-gadzarts-activity-7307761825398321152-96YG?utm_source=share&utm_medium=member_desktop&rcm=ACoAAFszMIoBPo6W4ZcByLQJfMIqPrftEWnjAbU
HyPrSpace,"PS =  CEO 283 13 comments - 4 reposts  Like © Comment Repost J Send  HyPrSpace GA 17.237 followers 3mo + Edited» ©  Launchpad news. 9  After 2 successful test campaigns on Terminator, we're glad to share that we will be continuing our partnership with and their NuPad, for the launch of our first baguettes (rockets for the rookies)!  This strong partnership goes beyond collaboration - it's an industrial symbiosis that, enables us to successfully develop both SpaceDreams’ NuPad, a multi-launcher and multisite mobile launchpad, and our Orbital Baguette One launcher.  Both our launcher Orbital Baguette One and the NuPad are a real game changer in flexibility and reactivity, which make this partnership a strong alliance for Europe's sovereignty.",https://www.linkedin.com/posts/hypr-space_newspace-innovation-activity-7301209565126148100-HKRY?utm_source=share&utm_medium=member_desktop&rcm=ACoAAFszMIoBPo6W4ZcByLQJfMIqPrftEWnjAbU
HyPrSpace,"S Like © Comment @ Repost 4 Send   —  AD Clément Arrat. 3:3- + Follow 8mo + Edited» @  edt  Ce n’est qu'un au revoir!  Aujourd’hui, je quitte pour une longue période I'aventure HyPrSpace, pour en rejoindre une autre dont je vous parlerai en détail d'ici peu.  Ces quelques années passées au sein de la “space bakery” m’ont tellement appris, sur moi, sur mon métier et sur les autres. Les autres, ce sont les collégues et amis, Des rencontres magnifiques que je n‘oublierai jamais.  Un immense merci a tous ; Alexandre Mangeot, Syivain Bataillard et Vincent Rocher pour m’avoir donné cette incroyable opportunité, merci a la team essais, la team Terminator et tant d'autres personnes avec qui j'ai adoré travailler. Merci pour votre confiance, votre bienveillance et vos étoiles dans les yeux pour qu'on essaye,  ensemble, daller les voir de plus pré  C'est avec un énorme pincement au cceur que je vous quite, mais également une grande fierté d’avoir participé & cette fabuleuse aventure !  Car il s'en est passé des choses, en seulement 3 ans... J'espére que ces quelques photos en témoigneront !  #GoBaguetteOne  Show translation",https://www.linkedin.com/posts/cl%C3%A9ment-arrat-222032120_gobaguetteone-ugcPost-7241422969674039296-mTHI?utm_source=share&utm_medium=member_desktop&rcm=ACoAAFszMIoBPo6W4ZcByLQJfMIqPrftEWnjAbU
HyPrSpace,"® Like © Comment 1% Repost J Send  MY HyPrspace + Follow BEES 17.237 followers Amo» ©  Our Trajectory - GNC engineer is named LEO.  And there's no better way to introduce one of the pillars of HyPrSpace. @ ..more  7. comments - 1 repost  Like © Comment Repost J Send   [CONTINUED_FROM_SCROLL]  WAY HyPrspace + Follow BRGY 17,237 followers Amo+® Our Trajectory - GNC engineer is named LEO.  And there's no better way to introduce one of the pillars of HyPrSpace. ©  Joining as an intern in 2021 during the company’s earliest days, Léo has been one of our most trustworthy and dedicated employees. Passionate about space mechanics, he participated in developing our in-house 3-DOF simulator. Currently, he’s focused on GNC. specifically modeling the TVC in our 6-DOF trajectory model.  It has been a while since we posted about one of our space bakers. &  So as we just wrapped up our third HyPrSki weekend, we wanted to dedicate a post to one of the organizers.  Because Léo isn't ""just"" a trajectory crack. He's also the head of our Works Council, fully committed to representing employe when it matters most.  he type of person you can always count on  Reliable and focused, he's one of the chillest guys around - but don't be fooled; mess with him and you might just get a taste of his spicy side! J J  Cheers to you Léo Mercey! @",https://www.linkedin.com/posts/hypr-space_our-trajectory-gnc-engineer-is-named-leo-activity-7289955413960089601-IsGS?utm_source=share&utm_medium=member_desktop&rcm=ACoAAFszMIoBPo6W4ZcByLQJfMIqPrftEWnjAbU
HyPrSpace,"225  Like © Comment Repost  HyPrSpace 17237  Smo+®  Guess what?  He's back.  7 comments - 1 repost  J Send  + Follow  Our scaled stage demonstrator has arrived on official ground. The DGA - Direction  générale de I'armement, #DGAEssaisder  les Gironde is welcoming it on their test  bench for the second time this year. The team is currently working on its integration on bench. Terminator will stay there until January for two more hot fire tests.  Stay tuned, some epic flames are coming! x” 2»  #Engineering #Innovation #NewSpace  | ]  © Comment Repost  9 comments - 11 reposts  J Send",https://www.linkedin.com/posts/hypr-space_dgaessaisdemissiles-engineering-innovation-activity-7270467005084807168-2-pM?utm_source=share&utm_medium=member_desktop&rcm=ACoAAFszMIoBPo6W4ZcByLQJfMIqPrftEWnjAbU
HyPrSpace,"Like © Comment Repost J Send  WY HyPrspace + Follow BESS 17,237 followers 6mo + Edited» ©  & Terminator assembly update &  Crucial step of our stage demonstrator assembly: putting the small one into the big one.  Not the usual assembly process right? @  That's because our engine has a unique architectu inside the other, with the combustion chamber situated in between.  is made of 2 cylinders one  The gap of the combustion chamber ensured by this design allows us to use hybrid propulsion at its maximum performances during the full duration of the flight, without suffering of combustion inefficiencies due to fuel blocks regression.  Also, the hot flow is in contact with twice the wet surface as a classic engine, making it even more efficient.  If you find this innovation as amazing as we do, you really should follow the rest of the fire test campaign. Some huge flames are coming. @ @  #engineering #innovation #newspace",https://www.linkedin.com/posts/hypr-space_engineering-innovation-newspace-activity-7267488593504292864-THob?utm_source=share&utm_medium=member_desktop&rcm=ACoAAFszMIoBPo6W4ZcByLQJfMIqPrftEWnjAbU
HyPrSpace,"MY HyPrspace + Follow BEES 17.237 followers 6mo-@  Direct - Space Tech Expo Europe x Meet these HyPrGentlemen on Telespazio booth! We're exposing alongside our partners TELESPAZIO FRANCE & THE CT ENGINEERING  GROUP for the France 2030 PADA1 & R2D2 projects. Booth C19, Hall 4,  Our representatives Philippe Clermont, Victor Mya Parisse & Abdourhamane Ibral Toure will be just next to our Orbital Baguette One!  #SpaceTechExpoEurope #event #newspace  ELESPAZIO  CO 198 3 reposts",https://www.linkedin.com/posts/hypr-space_spacetechexpoeurope-event-newspace-activity-7264603250060873728-_Lo2?utm_source=share&utm_medium=member_desktop&rcm=ACoAAFszMIoBPo6W4ZcByLQJfMIqPrftEWnjAbU
HyPrSpace,"© Like @ Comment {2 Repost “J Send  WY HyPrspace + Follow 6mo+ @  Meet us at Space Tech Expo Europe!  Philippe Clermont, Abdourhamane Ibrahim Toure & Victor Mya Parisse will be in Bremen all the week, don't hesitate to contact them if you have a meeting request! di  We will be attending the show alongside our partners TELESPAZIO FRANCE & THE CT ENGINEERING GROUP for the #France2030 PADA1 & R2D2 projects.  © Booth C19, Hall 4, See you there!  #event #newspace  Se  SPACE TEGH EXPO EUROPE  MEET US ON TELESPAZIO'S BOOTH C19, HALL4| PHILIPPE CLERMONT - VP Finance  /ABDOURHAMANE TOURE - Business Developer VICTOR PARISSE - Customer Operations Coordinator  CC@ 133 2 reposts  ® Like © Comment 1% Repost 7 Send  WN HivPrSpace + Follow",https://www.linkedin.com/posts/hypr-space_france2030-event-newspace-activity-7262868351448666112-dviU?utm_source=share&utm_medium=member_desktop&rcm=ACoAAFszMIoBPo6W4ZcByLQJfMIqPrftEWnjAbU
HyPrSpace,"ROMY HyPrspace + Follow  BENGE 17,237 followers 6mo+@  AA They see me rollin, they hatin  & Terminator assembly progress update: ing our fuel to plug it into the engine (the huge metallic pipes in  we're currently machi the background).  Previously used to transport huge water flows, these big recycled HDPE pipes will now be creating a flow of their own - @ @ @ - ain't that a cool promotion?  {| Why are we using recycled HDPE?  It's safer, doesn't explode (€).  It's easy to transport and store.  It’s cheap and easy to supply.  Then why isn't everyone using recycled HOPE?  > They don't have our patented hybrid technology. Stay tuned for the next steps of Terminator assembly!  #Engineering #Innovation #Newspace",https://www.linkedin.com/posts/hypr-space_engineering-innovation-newspace-activity-7259945349979525120-fTjs?utm_source=share&utm_medium=member_desktop&rcm=ACoAAFszMIoBPo6W4ZcByLQJfMIqPrftEWnjAbU
HyPrSpace,"HyPrSpace + Follow 17237  Tmo» ®  ‘What innovations can contribute to the future of the aerospace industry?""  EK  That was the subject of the 4rth Bordeaux aerospace summit, organised by La Tribune. Thank you for your invitation!  We might indeed have a clue of a groundbreaking innovation that could possibly highly contribute to the future of our aerospace industry... Would you dare take a guess? ©  For this roundtable, the “créme de la créme” of COO's Nicolas Billecocq was representing HyPrSpace, you can see him below taking a guess on which innovation is going to reshape the whole aerospace industry soon enough.  ‘Quelles innovations pour contribuer au futur de la filiére aérospatiale  C’était le théme du 4e sommet aéronautique et spatial de Bordeaux, organisé par La Tribune, Merci pour votre invitation !  Nous pourrions en effet avoir une idée d'une innovation de rupture qui pourrait contribuer fortement a l'avenir de notre industrie aérospatiale... Oseriez-vous deviner ?  Pour cette table ronde, la créme de la créme des COO Nicolas Billecocq représentait HyPrSpace, vous pouvez le voir ci-dessous en train de deviner quelle innovation va bientot changer le paysage de l'industrie aérospatiale.  Show translation  AERONAUTIOU SPariac",https://www.linkedin.com/posts/hypr-space_what-innovations-can-contribute-to-the-future-activity-7254435288003862528-Ftza?utm_source=share&utm_medium=member_desktop&rcm=ACoAAFszMIoBPo6W4ZcByLQJfMIqPrftEWnjAbU
HyPrSpace,"HyPrSpace + Follow Bed 1723 7mo+@  x” Here we come #1AC2024 Milano!”  The two bad boys in the pic below are our best CFD / Propulsion engineers, Raphaél A. & Vishesh Garg!  They will be presenting paper on Wednesday the 16th, from 12:50 AM to 01:00 PM in the IP Hall on the subject: ""Numerical modelling approach for the development of an orbital-scale hybrid propulsion engine.”  Also attending the show, Philippe Clermont and Abdourhamane Ibrahim Toure are there the whole week for all the business / strategy aspects, don't hesitate to reach out to them if you want a meeting! Or a small rocket talk... ©  Last but not least, our CEO & Co-Founder Alexandre Mangeot will arrive on Wednesday in Milano. If you like to debate on Europe's launcher needs in sight of what the Starship is capable of doing, he's your man,  See you there! Have a great show!",https://www.linkedin.com/posts/hypr-space_iac2024-activity-7251524678412894209-n6wS?utm_source=share&utm_medium=member_desktop&rcm=ACoAAFszMIoBPo6W4ZcByLQJfMIqPrftEWnjAbU
HyPrSpace,"HyPrSpace + Follow 17.237 followers  8mo+®  Hello there!  The recap video of the hotfire test campaign of Terminator is online. # Link to the YouTube video in comments below.  For those that had already seen the post in July, there is some unrevealed footages of the transport, installation, preparation.  We conducted three tests in two weeks, and learned a lot each time, especially during the second test where we triggered a safety system, highlighting the sturdiness of our technology.  As we're actively preparing the next test campaign, we wanted to thank again every  person involved in this successful mission, a major step towards a cheaper access to space.  TERMI ATOR  HOTF te TEST  €€O214 15 comments - 22 reposts",https://www.linkedin.com/posts/hypr-space_baguetteone-hre-innovation-activity-7244287693348601857-H4F7?utm_source=share&utm_medium=member_desktop&rcm=ACoAAFszMIoBPo6W4ZcByLQJfMIqPrftEWnjAbU
HyPrSpace,"HyPrSpace Sx ers emo + ©  Hey everyone, back to school tim:  We hope you all had a good summer, even though it can't be as good as ours. Sorry. We will post a recap later this month, because we're here for a whole other subject:  “Mini launchers, maxi ambitions: who's going to win the launchers battle?”  That's the theme of the roundtable on which our CEO will be debating during the 2024 edition of ""s Space Forum . Our business developer will also be representing  HyPrSpace during the event.  10/09/2024 - Save the date! © Toulouse - Cité de I'Espace  Looking forward to meeting you all, and discuss about the future of the french & international space industry!  SPACK  FORUM  €095 4 comment - 1 repost.",https://www.linkedin.com/posts/hypr-space_ltsf2024-activity-7237034406085853185-qTlu?utm_source=share&utm_medium=member_desktop&rcm=ACoAAFszMIoBPo6W4ZcByLQJfMIqPrftEWnjAbU
HyPrSpace,"€095 1. comment - 1 repost  ® Like © Comment 1% Repost J Send  HyPrspace + Follow  What have you been up to these last 14 days?  At HyPrSpace, we did three firing tests on our engine in stage configuration.  Full video of this one next Tuesday.  #godspeed #Newspace #Innovation  €C@ 294 8 comments - 22 reposts  Like © Comment Repost J Send  WR HyPrSpace + Follow",https://www.linkedin.com/posts/hypr-space_godspeed-newspace-innovation-activity-7222533919101841408-eQKk?utm_source=share&utm_medium=member_desktop&rcm=ACoAAFszMIoBPo6W4ZcByLQJfMIqPrftEWnjAbU
HyPrSpace,"HyPrSpace + Follow 17.237 followers 10mo + Edited + ©  Help me, [candidate name]; you're my only hope. - Said the person writing this post.  ion officer!  Yep, that's a job offer alert. We're recruiting a #communic  Your key objectives and responsibilities: & Manage and develop social networks  © Anticipate needs and translate them into communication projects © Defining and implementing participation in external events  © Create a range of internal and external communication media  © Participate in the creation of innovative content  The must have:  We're looking for someone with experience in social media management, and who's not afraid of stepping out of the boundaries. Being disruptive not only applies to our technology, but also our way to communicate, our whole identity as a company. You have organisation / structuration skills, and like to work in team. You're bold (not necessarily bald tho @), and last but not least: you speak English fluently. Some experience in agency / big company is well appreciated.  You will be working side by side with the communication, but also the HR, marketing, sales and strategy teams.  Last point: one of your most crucial tasks is to have fun doing all this, itis truly important for us that everyone enjoys this crazy adventure HyPrSpace is!  How to apply ? Breathe, relax, and go to our website career page: there is a job offer “chargé de communication” --- Link in comments!  Linkedin, to your CV's... 3, 2, GO!”  Psst, even if you're not interested, some of your friends might be! Don't hesitate to share this! @",https://www.linkedin.com/posts/hypr-space_communication-hr-recruitment-activity-7221832850478649345-W7H_?utm_source=share&utm_medium=member_desktop&rcm=ACoAAFszMIoBPo6W4ZcByLQJfMIqPrftEWnjAbU
HyPrSpace,"HyPrSpace + Follow 17.237 followers  10mo+ @ [Hello there]  We are thrilled to announce that HyPrSpace has officially joined #Startair, the startup club of GIFAS - Groupement des Industries Francaises Aéronautiques et Spatiales!  Joining GIFAS is a significant milestone for HyPrSpace, aligning us with the créme de la créme of the French aerospace and defense industry. This membership opens new doors for collaboration, innovation, and growth.  Being part of this association will enable us to: * Collaborate with leading aerospace companies  ‘© Contribute to and benefit from industry insights and advancements * Strengthen our presence in the global aerospace market  We're very proud to join such a powerful organisation! ©  #innov:  n #Newspace",https://www.linkedin.com/posts/hypr-space_startair-innovation-newspace-activity-7216016842425810944-_6xM?utm_source=share&utm_medium=member_desktop&rcm=ACoAAFszMIoBPo6W4ZcByLQJfMIqPrftEWnjAbU
HyPrSpace,"BY HyPrspace + Follow BELG 17237 followers 10mo+ ©  x° Virtual Job Dating Event - July 18th  Dreaming to come and bake Orbital Baguettes with us?  We're excited to announce our ""Engineering and Test"" virtual Job Dating event on July 18th! This is your chance to join a cutting-edge start-up in the space industry, specialized in rockets and launchers, and be part of a #SpaceTalents team that's pushing the boundaries of technology.  We are looking for brilliant newcomers to fill a variety of positions at both junior and senior levels:  Systems Engineer Mission Analysis Engineer GNC Engineer  Composite Design Engineer Design Technician  Test Engineer  Test Technician  Fluidic and Thermal Engineer CFD Engineer  RAMS Engineer  Hardware Design Engineer Embedded Systems Engineer  How to apply? Submit your application through our specific job offer: ""HyPrSpace Virtual Job Dating! July 18th! Engineering and Tests” (Link in comment). Our teams will review your  applications, and if selected, you will be invited for a 40-minute interview on July 18th!  F Mark your calendars for July 18th! 48 Don't miss out on this chance to make your mark in the space industry.  Joining HyPrSpace is joining the coolest team in the world (self-proclaimed), it's an opportunity to join an exciting project at its earliest stage. Don't miss the chance!",https://www.linkedin.com/posts/hypr-space_spacetalents-rh-recrutement-activity-7214979171767230464-Nn6Q?utm_source=share&utm_medium=member_desktop&rcm=ACoAAFszMIoBPo6W4ZcByLQJfMIqPrftEWnjAbU
HyPrSpace,"WY HyPrspace + Follow Mmo+ @  [HyPrSpace x RIDE! space]  Today, we're glad to announce our partnership with RIDE!, a French NewSpace startup facilitating the sending of satellites into space by providing a unique launch services experience to satellite operators and launchers. #  Their digital platform manages all the launch process, from researching launch opportunities to evaluating performance, price, and service level, and manage launch services contracts.  Both of our companies have that same vision where space access should be made easy. As easy as ordering a baguette in a bakery, we would say. ©  Tomorrow, this will be a reality as we will be on RIDE!'s platform with our hybrid rocket Orbital Baguette One!",https://www.linkedin.com/posts/hypr-space_hyprspace-x-ride-space-today-were-glad-activity-7211667211323662336-Zawb?utm_source=share&utm_medium=member_desktop&rcm=ACoAAFszMIoBPo6W4ZcByLQJfMIqPrftEWnjAbU
